<?xml version="1.0" encoding="utf-8"?>
<Deployment xmlns="http://schemas.microsoft.com/windowsphone/2012/deployment" AppPlatformVersion="8.0">
  <DefaultLanguage xmlns="" code="en-US" />
  <App xmlns="" ProductID="{428fe504-6076-4ecd-b246-104dd094b491}" Title="Mr. Bean" RuntimeType="Silverlight" Version="1.0.0.0" Genre="apps.normal" Author="" Description="Mr. Bean is a British situation comedy television programme series of fourteen 25-minute episodes written by and starring Rowan Atkinson as the title character." Publisher="" PublisherID="{e7d94c95-4681-45a0-a8b4-5df4e482fb9e}">
    <IconPath IsRelative="true" IsResource="false">Images\Logo-249d64f4-648d-4391-b714-56b80fa53b89.png</IconPath>
    <Capabilities>
      <Capability Name="ID_CAP_NETWORKING"/>
      <Capability Name="ID_CAP_SENSORS"/>
      <Capability Name="ID_CAP_WEBBROWSERCOMPONENT"/>
      <Capability Name="ID_CAP_SPEECH_RECOGNITION" />
      <Capability Name="ID_CAP_PHONEDIALER" />
      <Capability Name="ID_CAP_LOCATION" />
      <Capability Name="ID_CAP_PROXIMITY" />
      <Capability Name="ID_CAP_IDENTITY_USER" />
      <Capability Name="ID_CAP_MAP" />
	  <Capability Name="ID_CAP_MEDIALIB_PHOTO" />
    </Capabilities>
    <Tasks>
      <DefaultTask Name="_default" NavigationPage="View/Microsoft_Videos.xaml" ActivationPolicy="Resume"/>
    </Tasks>
    <Tokens>
      <PrimaryToken TokenID="MyDoWapp" TaskName="_default">
		<TemplateIconic>
		  <SmallImageURI IsRelative="true" IsResource="false">Images/Logo-249d64f4-648d-4391-b714-56b80fa53b89.png</SmallImageURI>
		  <Count>0</Count>
		  <IconImageURI IsRelative="true" IsResource="false">Images/Logo-249d64f4-648d-4391-b714-56b80fa53b89.png</IconImageURI>
		  <Title>Mr. Bean</Title>
		  <Message></Message>
		  <BackgroundColor></BackgroundColor>
		  <HasLarge>True</HasLarge>
		  <LargeContent1></LargeContent1>
		  <LargeContent2></LargeContent2>
		  <LargeContent3></LargeContent3>
		  <DeviceLockImageURI IsRelative="true" IsResource="false">
		  </DeviceLockImageURI>
		</TemplateIconic>
      </PrimaryToken>
    </Tokens>
    <Extensions>
      <Extension ExtensionName="LockScreen_Notification_IconCount" ConsumerID="{111DFF24-AA15-4A96-8006-2BFF8122084F}" TaskID="_default" />
      <Extension ExtensionName="LockScreen_Notification_TextField" ConsumerID="{111DFF24-AA15-4A96-8006-2BFF8122084F}" TaskID="_default" />
      <Extension ExtensionName="LockScreen_Background" ConsumerID="{111DFF24-AA15-4A96-8006-2BFF8122084F}" TaskID="_default" />
    </Extensions>
    <ScreenResolutions>
      <ScreenResolution Name="ID_RESOLUTION_WVGA" />
      <ScreenResolution Name="ID_RESOLUTION_WXGA" />
      <ScreenResolution Name="ID_RESOLUTION_HD720P" />
    </ScreenResolutions>
  </App>
</Deployment>
